Name,Date,Location,Type,Region,Latitude,Longitude,Weather Forecast
Super Diamond – The Neil Diamond Tribute Band,1/26/2024, The Showbox,Music,Downtown,47.6085136,-122.3394726,"A chance of rain showers. Mostly cloudy, with a high near 50. South wind around 9 mph. Chance of precipitation is 40%. New rainfall amounts between a tenth and quarter of an inch possible."
Harlem Globetrotters,1/27/2024, Climate Pledge Arena,Sports,Queen Anne / Seattle Center,47.6219014,-122.353990491486,"A chance of rain showers. Mostly cloudy, with a high near 49. South wind around 12 mph. Chance of precipitation is 40%. New rainfall amounts between a tenth and quarter of an inch possible."
Ilana Glazer Live,2/8/2024, The Moore Theatre,Theatre,Downtown,42.2896932,-83.7207314,"Rain and widespread fog. Cloudy, with a high near 39. East southeast wind around 6 mph. Chance of precipitation is 100%. New rainfall amounts between a tenth and quarter of an inch possible."
Guitar Gallery,Ongoing, MoPOP Museum of Pop Culture,Museums,Queen Anne / Seattle Center,47.621493099999995,-122.34822527405619,"A chance of rain showers. Mostly cloudy, with a high near 49. South wind around 12 mph. Chance of precipitation is 40%. New rainfall amounts between a tenth and quarter of an inch possible."
Mau P,2/3/2024, The Showbox,Music,Downtown,47.6085136,-122.3394726,"A chance of rain showers. Mostly cloudy, with a high near 50. South wind around 9 mph. Chance of precipitation is 40%. New rainfall amounts between a tenth and quarter of an inch possible."
Seattle Chamber Music Winter Festival,1/26/2024 through 2/4/2024, Benaroya Hall,Music,Downtown,47.60811665,-122.33697040702705,"A chance of rain showers. Mostly cloudy, with a high near 50. South wind around 9 mph. Chance of precipitation is 40%. New rainfall amounts between a tenth and quarter of an inch possible."
Blood Sweat  and Tears,2/8/2024 through 2/11/2024, Dimitriou's Jazz Alley,Music,Downtown,47.6148163,-122.339691,"A chance of rain showers. Mostly cloudy, with a high near 50. South wind around 9 mph. Chance of precipitation is 40%. New rainfall amounts between a tenth and quarter of an inch possible."
Madeline Pendleton,1/25/2024, Elliott Bay Book Company,Readings & Lectures,Capitol Hill / Central District,47.6146657,-122.319677,"A chance of rain showers. Mostly cloudy, with a high near 49. South wind around 10 mph. Chance of precipitation is 40%. New rainfall amounts between a tenth and quarter of an inch possible."
La Vaughn Belle: A History of Unruly Returns,Now through 4/7/2024, National Nordic Museum,Museums,Fremont / Ballard,47.6683615,-122.39177949359151,"A chance of rain. Partly sunny, with a high near 49. South wind around 12 mph. Chance of precipitation is 30%. New rainfall amounts between a tenth and quarter of an inch possible."
Art and Transformation,2/8/2024, Bainbridge Island Museum of Art,Readings & Lectures,West,47.6251322,-122.51453295865404,"A chance of rain showers. Mostly cloudy, with a high near 48. South wind around 10 mph. Chance of precipitation is 30%. New rainfall amounts between a tenth and quarter of an inch possible."
Side-by-Side with Seattle Youth Symphony Orchestra,2/21/2024, Benaroya Hall,Music,Downtown,47.60811665,-122.33697040702705,"A chance of rain showers. Mostly cloudy, with a high near 50. South wind around 9 mph. Chance of precipitation is 40%. New rainfall amounts between a tenth and quarter of an inch possible."
Show Me Seattle Tours,Ongoing," Seattle, WA",Tours & Attractions,Downtown,47.6038321,-122.330062,"A chance of rain showers. Mostly cloudy, with a high near 49. South wind around 10 mph. Chance of precipitation is 40%. New rainfall amounts between a tenth and quarter of an inch possible."
Life on the Edge,Ongoing, Seattle Aquarium,Museums,Downtown,47.60762475,-122.34322017076866,"A chance of rain showers. Mostly cloudy, with a high near 50. South wind around 9 mph. Chance of precipitation is 40%. New rainfall amounts between a tenth and quarter of an inch possible."
American Art: The Stories We Carry,Ongoing, Seattle Art Museum,Museums,Downtown,47.6077008,-122.3385575,"A chance of rain showers. Mostly cloudy, with a high near 50. South wind around 9 mph. Chance of precipitation is 40%. New rainfall amounts between a tenth and quarter of an inch possible."
Bohemia,Now through 1/28/2024, The Triple Door,Theatre,Downtown,47.6086439,-122.337685,"A chance of rain showers. Mostly cloudy, with a high near 50. South wind around 9 mph. Chance of precipitation is 40%. New rainfall amounts between a tenth and quarter of an inch possible."
TobyMac Hits Deep 2024,2/17/2024, accesso ShoWare Center,Music,South,47.38765995,-122.24000381780328,"A chance of rain showers. Mostly cloudy. High near 51, with temperatures falling to around 48 in the afternoon. South wind around 10 mph. Chance of precipitation is 40%. New rainfall amounts between a tenth and quarter of an inch possible."
Erik Walters,2/2/2024, Barboza,Music,Capitol Hill / Central District,-13.248885,-41.0275842,Weather forecast not available
Catalyzing Change with Akuyea Karen Vargas,2/1/2024, Bainbridge Island Museum of Art,Readings & Lectures,West,47.6251322,-122.51453295865404,"A chance of rain showers. Mostly cloudy, with a high near 48. South wind around 10 mph. Chance of precipitation is 30%. New rainfall amounts between a tenth and quarter of an inch possible."
Love at the Zoo,2/10/2024 through 2/11/2024, Point Defiance Zoo and Aquarium,Festivals & Special Events,South,47.3049439,-122.52137750626918,"A chance of rain. Mostly cloudy, with a high near 51. South southwest wind around 12 mph. Chance of precipitation is 50%. New rainfall amounts between a tenth and quarter of an inch possible."
Frye Salon,Now through 10/27/2024, Frye Art Museum,Museums,Capitol Hill / Central District,47.60719095,-122.32405377084555,"A chance of rain showers. Mostly cloudy, with a high near 49. South wind around 10 mph. Chance of precipitation is 40%. New rainfall amounts between a tenth and quarter of an inch possible."
Northwest Native Art,Ongoing, Burke Museum,Museums,University District,47.6605211,-122.31156049949824,"A chance of rain. Partly sunny. High near 50, with temperatures falling to around 48 in the afternoon. South wind around 10 mph. Chance of precipitation is 40%. New rainfall amounts between a tenth and quarter of an inch possible."
Lil Skies,2/4/2024, The Showbox,Music,Downtown,47.6085136,-122.3394726,"A chance of rain showers. Mostly cloudy, with a high near 50. South wind around 9 mph. Chance of precipitation is 40%. New rainfall amounts between a tenth and quarter of an inch possible."
Art Walk Edmonds | Every Third Thursday,Ongoing, Cascadia Art Museum,Visual Arts & Galleries,North,47.8104565,-122.3839448,"A chance of rain showers. Mostly cloudy, with a high near 49. South southeast wind around 14 mph. Chance of precipitation is 40%. New rainfall amounts between a tenth and quarter of an inch possible."
Lee Ritenour and Dave Grusin,1/25/2024 through 1/28/2024, Dimitriou's Jazz Alley,Music,Downtown,47.6148163,-122.339691,"A chance of rain showers. Mostly cloudy, with a high near 50. South wind around 9 mph. Chance of precipitation is 40%. New rainfall amounts between a tenth and quarter of an inch possible."
Nirvana: Taking Punk To the Masses,Ongoing, MoPOP Museum of Pop Culture,Museums,Queen Anne / Seattle Center,47.621493099999995,-122.34822527405619,"A chance of rain showers. Mostly cloudy, with a high near 49. South wind around 12 mph. Chance of precipitation is 40%. New rainfall amounts between a tenth and quarter of an inch possible."
Mindi Abair Wine and Jazz Tour 2024,2/15/2024 through 2/18/2024, Dimitriou's Jazz Alley,Music,Downtown,47.6148163,-122.339691,"A chance of rain showers. Mostly cloudy, with a high near 50. South wind around 9 mph. Chance of precipitation is 40%. New rainfall amounts between a tenth and quarter of an inch possible."
Seattle Kraken vs. Chicago Blackhawks,1/24/2024, Climate Pledge Arena,Sports,Queen Anne / Seattle Center,47.6219014,-122.353990491486,"A chance of rain showers. Mostly cloudy, with a high near 49. South wind around 12 mph. Chance of precipitation is 40%. New rainfall amounts between a tenth and quarter of an inch possible."
Dungeons and Drag Queens,1/26/2024, The Crocodile,Theatre,Downtown,47.6146474,-122.3490734,"A chance of rain showers. Mostly cloudy, with a high near 49. South wind around 12 mph. Chance of precipitation is 40%. New rainfall amounts between a tenth and quarter of an inch possible."
Underwater Dome,Ongoing, Seattle Aquarium,Museums,Downtown,47.60762475,-122.34322017076866,"A chance of rain showers. Mostly cloudy, with a high near 50. South wind around 9 mph. Chance of precipitation is 40%. New rainfall amounts between a tenth and quarter of an inch possible."
Dale Chihuly at Tacoma Art Museum,Ongoing, Tacoma Art Museum,Museums,South,47.2475134,-122.43680521780016,"Rain likely. Mostly cloudy, with a high near 51. South southwest wind around 10 mph. Chance of precipitation is 60%. New rainfall amounts between a tenth and quarter of an inch possible."
Native Portraiture: Power and Perception,Now through 3/17/2024, Tacoma Art Museum,Museums,South,47.2475134,-122.43680521780016,"Rain likely. Mostly cloudy, with a high near 51. South southwest wind around 10 mph. Chance of precipitation is 60%. New rainfall amounts between a tenth and quarter of an inch possible."
Dark Star Orchestra,2/9/2024, The Showbox,Music,Downtown,47.6085136,-122.3394726,"A chance of rain showers. Mostly cloudy, with a high near 50. South wind around 9 mph. Chance of precipitation is 40%. New rainfall amounts between a tenth and quarter of an inch possible."
JVNA,2/10/2024, The Showbox,Music,Downtown,47.6085136,-122.3394726,"A chance of rain showers. Mostly cloudy, with a high near 50. South wind around 9 mph. Chance of precipitation is 40%. New rainfall amounts between a tenth and quarter of an inch possible."
Kenny Barron Trio,2/6/2024 through 2/7/2024, Dimitriou's Jazz Alley,Music,Downtown,47.6148163,-122.339691,"A chance of rain showers. Mostly cloudy, with a high near 50. South wind around 9 mph. Chance of precipitation is 40%. New rainfall amounts between a tenth and quarter of an inch possible."
Capitol Hill Farmers Market – Sunday,Ongoing, Capitol Hill Farmers Market,Festivals & Special Events,Capitol Hill / Central District,47.618892450000004,-122.32016705491071,"A chance of rain. Partly sunny, with a high near 49. South wind around 10 mph. Chance of precipitation is 40%. New rainfall amounts between a tenth and quarter of an inch possible."
Tourist and Amtrac,2/11/2024, The Showbox,Music,Downtown,47.6085136,-122.3394726,"A chance of rain showers. Mostly cloudy, with a high near 50. South wind around 9 mph. Chance of precipitation is 40%. New rainfall amounts between a tenth and quarter of an inch possible."
Opera on Tap,1/24/2024, The Royal Room,Music,South Seattle,32.2275723,-110.9685178,"Mostly sunny, with a high near 59. Northwest wind around 6 mph."
Boundless: Stories of Asian Art,Ongoing, Seattle Asian Art Museum,Museums,Capitol Hill / Central District,47.63029565,-122.31413540328062,"A chance of rain. Partly sunny, with a high near 49. South wind around 10 mph. Chance of precipitation is 40%. New rainfall amounts between a tenth and quarter of an inch possible."
From Mozart to Matthews,2/20/2024, Benaroya Hall,Music,Downtown,47.60811665,-122.33697040702705,"A chance of rain showers. Mostly cloudy, with a high near 50. South wind around 9 mph. Chance of precipitation is 40%. New rainfall amounts between a tenth and quarter of an inch possible."
"Wu Han, Philip Setzer & David Finckel",2/20/2024, Meany Center for the Performing Arts,Music,University District,,,Weather forecast not available
Circa:Humans 2.0,2/15/2024 through 2/17/2024, Meany Center for the Performing Arts,Theatre,University District,,,Weather forecast not available
Cheryl Wheeler,1/30/2024, The Triple Door,Music,Downtown,47.6086439,-122.337685,"A chance of rain showers. Mostly cloudy, with a high near 50. South wind around 9 mph. Chance of precipitation is 40%. New rainfall amounts between a tenth and quarter of an inch possible."
Gov’t Mule,2/9/2024, The Moore Theatre,Music,Downtown,42.2896932,-83.7207314,"Rain and widespread fog. Cloudy, with a high near 39. East southeast wind around 6 mph. Chance of precipitation is 100%. New rainfall amounts between a tenth and quarter of an inch possible."
Madonna,2/17/2024 through 2/18/2024, Climate Pledge Arena,Music,Queen Anne / Seattle Center,47.6219014,-122.353990491486,"A chance of rain showers. Mostly cloudy, with a high near 49. South wind around 12 mph. Chance of precipitation is 40%. New rainfall amounts between a tenth and quarter of an inch possible."
Meet our Marine Mammals,Ongoing, Seattle Aquarium,Museums,Downtown,47.60762475,-122.34322017076866,"A chance of rain showers. Mostly cloudy, with a high near 50. South wind around 9 mph. Chance of precipitation is 40%. New rainfall amounts between a tenth and quarter of an inch possible."
Harlem Globetrotters 2024 World Tour –,1/26/2024, accesso ShoWare Center,Sports,South,47.38765995,-122.24000381780328,"A chance of rain showers. Mostly cloudy. High near 51, with temperatures falling to around 48 in the afternoon. South wind around 10 mph. Chance of precipitation is 40%. New rainfall amounts between a tenth and quarter of an inch possible."
Family Day with Birds Connect Seattle,1/28/2024, National Nordic Museum,Museums,Fremont / Ballard,47.6683615,-122.39177949359151,"A chance of rain. Partly sunny, with a high near 49. South wind around 12 mph. Chance of precipitation is 30%. New rainfall amounts between a tenth and quarter of an inch possible."
Seattle Kraken vs. St. Louis Blues,1/26/2024, Climate Pledge Arena,Sports,Queen Anne / Seattle Center,47.6219014,-122.353990491486,"A chance of rain showers. Mostly cloudy, with a high near 49. South wind around 12 mph. Chance of precipitation is 40%. New rainfall amounts between a tenth and quarter of an inch possible."
Seattle Boat Show,2/2/2024 through 2/10/2024, Lumen Field,Festivals & Special Events,Pioneer Square,47.5953459,-122.33164431196111,"A chance of rain showers. Mostly cloudy, with a high near 49. South wind around 10 mph. Chance of precipitation is 40%. New rainfall amounts between a tenth and quarter of an inch possible."
The Thorn,2/8/2024 through 2/9/2024, The Paramount Theatre,Theatre,Downtown,40.8697559,-73.42561952873208,"Widespread fog and a chance of rain. Cloudy. High near 46, with temperatures falling to around 41 in the afternoon. Southeast wind around 3 mph. Chance of precipitation is 40%."
The Human Family,1/27/2024, Opera Center,Music,Queen Anne / Seattle Center,44.43358325,26.079138268508792,Weather forecast not available
John Grade: Middle Fork,Ongoing, Seattle Art Museum,Museums,Downtown,47.6077008,-122.3385575,"A chance of rain showers. Mostly cloudy, with a high near 50. South wind around 9 mph. Chance of precipitation is 40%. New rainfall amounts between a tenth and quarter of an inch possible."
Luchadora!,2/22/2024 through 3/10/2024, Seattle Children's Theatre,Theatre,Queen Anne / Seattle Center,47.6204553,-122.35225726215312,"A chance of rain showers. Mostly cloudy, with a high near 49. South wind around 12 mph. Chance of precipitation is 40%. New rainfall amounts between a tenth and quarter of an inch possible."
Moontricks,2/9/2024, The Crocodile,Music,Downtown,47.6146474,-122.3490734,"A chance of rain showers. Mostly cloudy, with a high near 49. South wind around 12 mph. Chance of precipitation is 40%. New rainfall amounts between a tenth and quarter of an inch possible."
Chihuly Garden and Glass,Ongoing, Chihuly Garden and Glass,Museums,Queen Anne / Seattle Center,47.6205296,-122.35020712496446,"A chance of rain showers. Mostly cloudy, with a high near 49. South wind around 12 mph. Chance of precipitation is 40%. New rainfall amounts between a tenth and quarter of an inch possible."
Barry Can’t Swim,2/9/2024, Neumos,Music,Capitol Hill / Central District,47.613954,-122.3196108,"A chance of rain showers. Mostly cloudy, with a high near 49. South wind around 10 mph. Chance of precipitation is 40%. New rainfall amounts between a tenth and quarter of an inch possible."
Adira Sharkey,1/29/2024, Tractor Tavern,Music,Fremont / Ballard,47.6657081,-122.38280295082915,"A chance of rain showers. Mostly cloudy. High near 50, with temperatures falling to around 48 in the afternoon. South wind around 10 mph. Chance of precipitation is 40%. New rainfall amounts between a tenth and quarter of an inch possible."
The Budos Band,1/27/2024, The Showbox,Music,Downtown,47.6085136,-122.3394726,"A chance of rain showers. Mostly cloudy, with a high near 50. South wind around 9 mph. Chance of precipitation is 40%. New rainfall amounts between a tenth and quarter of an inch possible."
"Once More, Just For You",2/5/2024 through 2/25/2024, Seattle Public Theater,Theatre,Wallingford / Greenlake,47.6821341,-122.3398325,"A chance of rain. Partly sunny, with a high near 48. South wind around 10 mph. Chance of precipitation is 40%. New rainfall amounts between a tenth and quarter of an inch possible."
Kenzan Tsutakawa-Chinn: Gather,Ongoing, Seattle Asian Art Museum,Museums,Capitol Hill / Central District,47.63029565,-122.31413540328062,"A chance of rain. Partly sunny, with a high near 49. South wind around 10 mph. Chance of precipitation is 40%. New rainfall amounts between a tenth and quarter of an inch possible."
Pacific Species,Ongoing, Seattle Art Museum,Museums,Downtown,47.6077008,-122.3385575,"A chance of rain showers. Mostly cloudy, with a high near 50. South wind around 9 mph. Chance of precipitation is 40%. New rainfall amounts between a tenth and quarter of an inch possible."
Science Fiction and Fantasy Hall of Fame,Ongoing, MoPOP Museum of Pop Culture,Museums,Queen Anne / Seattle Center,47.621493099999995,-122.34822527405619,"A chance of rain showers. Mostly cloudy, with a high near 49. South wind around 12 mph. Chance of precipitation is 40%. New rainfall amounts between a tenth and quarter of an inch possible."
True Northwest: The Seattle Journey,Ongoing, Museum of History & Industry,Museums,Queen Anne / Seattle Center,47.6275114,-122.3367506,"A chance of rain. Partly sunny, with a high near 49. South wind around 10 mph. Chance of precipitation is 40%. New rainfall amounts between a tenth and quarter of an inch possible."
October London,1/25/2024, The Showbox,Music,Downtown,47.6085136,-122.3394726,"A chance of rain showers. Mostly cloudy, with a high near 50. South wind around 9 mph. Chance of precipitation is 40%. New rainfall amounts between a tenth and quarter of an inch possible."
Pioneer Square First Thursday Art Walk,Ongoing, Pioneer Square,Visual Arts & Galleries,Pioneer Square,45.5189007,-122.67929660431365,"Showers and thunderstorms. Mostly cloudy. High near 53, with temperatures falling to around 50 in the afternoon. South southwest wind around 10 mph. Chance of precipitation is 80%. New rainfall amounts between a tenth and quarter of an inch possible."
Elizabeth Malaska: All Be Your Mirror,Now through 6/16/2024, Seattle Art Museum,Museums,Downtown,47.6077008,-122.3385575,"A chance of rain showers. Mostly cloudy, with a high near 50. South wind around 9 mph. Chance of precipitation is 40%. New rainfall amounts between a tenth and quarter of an inch possible."
Poolside,2/2/2024, The Showbox,Music,Downtown,47.6085136,-122.3394726,"A chance of rain showers. Mostly cloudy, with a high near 50. South wind around 9 mph. Chance of precipitation is 40%. New rainfall amounts between a tenth and quarter of an inch possible."
Brazilian Carnaval 2024,2/10/2024, The Crocodile,Music,Downtown,47.6146474,-122.3490734,"A chance of rain showers. Mostly cloudy, with a high near 49. South wind around 12 mph. Chance of precipitation is 40%. New rainfall amounts between a tenth and quarter of an inch possible."
Washi Transformed New Expressions in Japanese Paper,2/2/2024 through 4/26/2026, Bellevue Arts Museum,Museums,Bellevue / Eastside,-21.266983,55.4113864,Weather forecast not available
Be/longing: Contemporary Asian Art,Ongoing, Seattle Asian Art Museum,Museums,Capitol Hill / Central District,47.63029565,-122.31413540328062,"A chance of rain. Partly sunny, with a high near 49. South wind around 10 mph. Chance of precipitation is 40%. New rainfall amounts between a tenth and quarter of an inch possible."
Tacoma Stars vs. Monterrey Flash,2/2/2024, accesso ShoWare Center,Sports,South,47.38765995,-122.24000381780328,"A chance of rain showers. Mostly cloudy. High near 51, with temperatures falling to around 48 in the afternoon. South wind around 10 mph. Chance of precipitation is 40%. New rainfall amounts between a tenth and quarter of an inch possible."
JP Saxe,1/31/2024, The Showbox,Music,Downtown,47.6085136,-122.3394726,"A chance of rain showers. Mostly cloudy, with a high near 50. South wind around 9 mph. Chance of precipitation is 40%. New rainfall amounts between a tenth and quarter of an inch possible."
Raul de Nieves,Now through 9/30/2024, Henry Art Gallery,Museums,University District,47.6565246,-122.31173279895636,"A chance of rain. Partly sunny. High near 50, with temperatures falling to around 48 in the afternoon. South wind around 10 mph. Chance of precipitation is 40%. New rainfall amounts between a tenth and quarter of an inch possible."
PBS – Peter Band Supreme,1/24/2024, Sea Monster Lounge,Music,Wallingford / Greenlake,47.6615049,-122.332319,"A chance of rain showers. Mostly cloudy. High near 49, with temperatures falling to around 47 in the afternoon. South wind around 10 mph. Chance of precipitation is 40%. New rainfall amounts between a tenth and quarter of an inch possible."
Washington: My Home,Ongoing, Washington State History Museum,Museums,South,47.2447212,-122.43608807502436,"Rain likely. Mostly cloudy, with a high near 51. South southwest wind around 10 mph. Chance of precipitation is 60%. New rainfall amounts between a tenth and quarter of an inch possible."
Tamara Payne: The Life and Legacy of Malcolm X,2/7/2024, Town Hall Seattle,Readings & Lectures,Downtown,47.6090191,-122.32993774092222,"A chance of rain showers. Mostly cloudy, with a high near 49. South wind around 10 mph. Chance of precipitation is 40%. New rainfall amounts between a tenth and quarter of an inch possible."
Manazma Sheen,Ongoing, Sea Monster Lounge,Music,Wallingford / Greenlake,47.6615049,-122.332319,"A chance of rain showers. Mostly cloudy. High near 49, with temperatures falling to around 47 in the afternoon. South wind around 10 mph. Chance of precipitation is 40%. New rainfall amounts between a tenth and quarter of an inch possible."
Cambodian Cultural Museum and Killing Fields Memorial,Ongoing, Wing Luke Museum,Museums,International District,47.5982461,-122.3228705,"A chance of rain showers. Mostly cloudy, with a high near 49. South wind around 10 mph. Chance of precipitation is 40%. New rainfall amounts between a tenth and quarter of an inch possible."
The Princess Bride in Concert with the Seattle Symphony,2/14/2024 through 2/18/2024, Benaroya Hall,Music,Downtown,47.60811665,-122.33697040702705,"A chance of rain showers. Mostly cloudy, with a high near 50. South wind around 9 mph. Chance of precipitation is 40%. New rainfall amounts between a tenth and quarter of an inch possible."
Sergio Mendes,2/1/2024 through 2/4/2024, Dimitriou's Jazz Alley,Music,Downtown,47.6148163,-122.339691,"A chance of rain showers. Mostly cloudy, with a high near 50. South wind around 9 mph. Chance of precipitation is 40%. New rainfall amounts between a tenth and quarter of an inch possible."
University District Farmers Market,Ongoing, University District Farmers Market,Festivals & Special Events,University District,47.665682950000004,-122.3130697496926,"A chance of rain showers. Mostly cloudy. High near 49, with temperatures falling to around 47 in the afternoon. South wind around 10 mph. Chance of precipitation is 40%. New rainfall amounts between a tenth and quarter of an inch possible."
Our Material World,Ongoing, Burke Museum,Museums,University District,47.6605211,-122.31156049949824,"A chance of rain. Partly sunny. High near 50, with temperatures falling to around 48 in the afternoon. South wind around 10 mph. Chance of precipitation is 40%. New rainfall amounts between a tenth and quarter of an inch possible."
Jessica Jackson Hutchins: Wrecked and Righteous,1/27/2024 through 5/5/2024, Frye Art Museum,Museums,Capitol Hill / Central District,47.60719095,-122.32405377084555,"A chance of rain showers. Mostly cloudy, with a high near 49. South wind around 10 mph. Chance of precipitation is 40%. New rainfall amounts between a tenth and quarter of an inch possible."
Tropical Pacific,Ongoing, Seattle Aquarium,Museums,Downtown,47.60762475,-122.34322017076866,"A chance of rain showers. Mostly cloudy, with a high near 50. South wind around 9 mph. Chance of precipitation is 40%. New rainfall amounts between a tenth and quarter of an inch possible."
Seattle Kraken vs. Columbus Blue Jackets,1/28/2024, Climate Pledge Arena,Sports,Queen Anne / Seattle Center,47.6219014,-122.353990491486,"A chance of rain showers. Mostly cloudy, with a high near 49. South wind around 12 mph. Chance of precipitation is 40%. New rainfall amounts between a tenth and quarter of an inch possible."
Olympic Sculpture Park,Ongoing, Olympic Sculpture Park,Visual Arts & Galleries,Downtown,47.6162378,-122.35431328817567,"A chance of rain showers. Mostly cloudy, with a high near 49. South wind around 12 mph. Chance of precipitation is 40%. New rainfall amounts between a tenth and quarter of an inch possible."
Culture is Living,Ongoing, Burke Museum,Museums,University District,47.6605211,-122.31156049949824,"A chance of rain. Partly sunny. High near 50, with temperatures falling to around 48 in the afternoon. South wind around 10 mph. Chance of precipitation is 40%. New rainfall amounts between a tenth and quarter of an inch possible."
Seattle Museum Month,2/1/2024 through 2/29/2024, Downtown Seattle,Museums,Downtown,47.5989361,-122.3279543,"A chance of rain showers. Mostly cloudy, with a high near 49. South wind around 10 mph. Chance of precipitation is 40%. New rainfall amounts between a tenth and quarter of an inch possible."
Silent Planet,1/24/2024, El Corazon,Music,Downtown,-5.2464353,-78.9699948,Weather forecast not available
Infinite Worlds of Science Fiction,Ongoing, MoPOP Museum of Pop Culture,Museums,Queen Anne / Seattle Center,47.621493099999995,-122.34822527405619,"A chance of rain showers. Mostly cloudy, with a high near 49. South wind around 12 mph. Chance of precipitation is 40%. New rainfall amounts between a tenth and quarter of an inch possible."
Nora En Pure,2/2/2024, Showbox SoDo,Music,Pioneer Square,47.5880461,-122.333928,"A chance of rain. Partly sunny, with a high near 50. South wind around 10 mph. Chance of precipitation is 50%. New rainfall amounts between a tenth and quarter of an inch possible."
Apollo,Ongoing, The Museum of Flight,Museums,South Seattle,32.70030575,-94.94716355,"A chance of rain showers and patchy fog. Cloudy, with a high near 59. North wind around 5 mph. Chance of precipitation is 50%."
The Temptations &  The Four Tops,2/10/2024, The Paramount Theatre,Music,Downtown,40.8697559,-73.42561952873208,"Widespread fog and a chance of rain. Cloudy. High near 46, with temperatures falling to around 41 in the afternoon. Southeast wind around 3 mph. Chance of precipitation is 40%."
Jahari Stampley,1/30/2024 through 1/31/2024, Dimitriou's Jazz Alley,Music,Downtown,47.6148163,-122.339691,"A chance of rain showers. Mostly cloudy, with a high near 50. South wind around 9 mph. Chance of precipitation is 40%. New rainfall amounts between a tenth and quarter of an inch possible."
A Case for the Existence of God,2/2/2024 through 2/18/2024, ACT Theatre,Theatre,Downtown,47.6108495,-122.3323262,"A chance of rain showers. Mostly cloudy, with a high near 49. South wind around 10 mph. Chance of precipitation is 40%. New rainfall amounts between a tenth and quarter of an inch possible."
"Wild Blue Angel: Hendrix Abroad, 1966-70",Ongoing, MoPOP Museum of Pop Culture,Museums,Queen Anne / Seattle Center,47.621493099999995,-122.34822527405619,"A chance of rain showers. Mostly cloudy, with a high near 49. South wind around 12 mph. Chance of precipitation is 40%. New rainfall amounts between a tenth and quarter of an inch possible."
Global Rhythms: Yungchen Lhamo,1/26/2024, Town Hall Seattle,Music,Downtown,47.6090191,-122.32993774092222,"A chance of rain showers. Mostly cloudy, with a high near 49. South wind around 10 mph. Chance of precipitation is 40%. New rainfall amounts between a tenth and quarter of an inch possible."
Explore The Market,Ongoing, Pike Place Market,Festivals & Special Events,Downtown,47.60939675,-122.34141017673986,"A chance of rain showers. Mostly cloudy, with a high near 50. South wind around 9 mph. Chance of precipitation is 40%. New rainfall amounts between a tenth and quarter of an inch possible."
Amazing Life,Ongoing, Burke Museum,Museums,University District,47.6605211,-122.31156049949824,"A chance of rain. Partly sunny. High near 50, with temperatures falling to around 48 in the afternoon. South wind around 10 mph. Chance of precipitation is 40%. New rainfall amounts between a tenth and quarter of an inch possible."
Great Hall of Washington History,Ongoing, Washington State History Museum,Museums,South,47.2447212,-122.43608807502436,"Rain likely. Mostly cloudy, with a high near 51. South southwest wind around 10 mph. Chance of precipitation is 60%. New rainfall amounts between a tenth and quarter of an inch possible."
Bezos Center for Innovation,Ongoing, Museum of History & Industry,Museums,Queen Anne / Seattle Center,47.6275114,-122.3367506,"A chance of rain. Partly sunny, with a high near 49. South wind around 10 mph. Chance of precipitation is 40%. New rainfall amounts between a tenth and quarter of an inch possible."
Soren Solkaer: Sort Sol,Now through 3/10/2024, National Nordic Museum,Museums,Fremont / Ballard,47.6683615,-122.39177949359151,"A chance of rain. Partly sunny, with a high near 49. South wind around 12 mph. Chance of precipitation is 30%. New rainfall amounts between a tenth and quarter of an inch possible."
The Delta Bombers,2/3/2024, El Corazon,Music,Downtown,-5.2464353,-78.9699948,Weather forecast not available
Seattle Kraken vs. Vancouver Canucks,2/22/2024, Climate Pledge Arena,Sports,Queen Anne / Seattle Center,47.6219014,-122.353990491486,"A chance of rain showers. Mostly cloudy, with a high near 49. South wind around 12 mph. Chance of precipitation is 40%. New rainfall amounts between a tenth and quarter of an inch possible."
Andy Coe Band,1/26/2024 through 1/27/2024, Nectar Lounge,Music,Fremont / Ballard,47.6523876,-122.3538541520202,"A chance of rain. Partly sunny, with a high near 49. South wind around 13 mph. Chance of precipitation is 40%. New rainfall amounts between a tenth and quarter of an inch possible."
Mayer Hawthorne,2/9/2024, The Neptune Theatre,Music,University District,,,Weather forecast not available
Positive Fragmentation,Now through 3/10/2024, Bellevue Arts Museum,Museums,Bellevue / Eastside,-21.266983,55.4113864,Weather forecast not available
Window on Washington Waters,Ongoing, Seattle Aquarium,Museums,Downtown,47.60762475,-122.34322017076866,"A chance of rain showers. Mostly cloudy, with a high near 50. South wind around 9 mph. Chance of precipitation is 40%. New rainfall amounts between a tenth and quarter of an inch possible."
"Be Water, My Friend: The Teachings Of Bruce Lee",Now through 7/28/2024, Wing Luke Museum,Museums,International District,47.5982461,-122.3228705,"A chance of rain showers. Mostly cloudy, with a high near 49. South wind around 10 mph. Chance of precipitation is 40%. New rainfall amounts between a tenth and quarter of an inch possible."
Seattle Kraken vs. Detroit Red Wings,2/19/2024, Climate Pledge Arena,Sports,Queen Anne / Seattle Center,47.6219014,-122.353990491486,"A chance of rain showers. Mostly cloudy, with a high near 49. South wind around 12 mph. Chance of precipitation is 40%. New rainfall amounts between a tenth and quarter of an inch possible."
Mister Blank,2/8/2024, Nectar Lounge,Music,Fremont / Ballard,47.6523876,-122.3538541520202,"A chance of rain. Partly sunny, with a high near 49. South wind around 13 mph. Chance of precipitation is 40%. New rainfall amounts between a tenth and quarter of an inch possible."
Beethoven Emperor Concerto,2/1/2024 through 2/4/2024, Benaroya Hall,Music,Downtown,47.60811665,-122.33697040702705,"A chance of rain showers. Mostly cloudy, with a high near 50. South wind around 9 mph. Chance of precipitation is 40%. New rainfall amounts between a tenth and quarter of an inch possible."
Art by Design,2/9/2024 through 2/10/2024, Seattle Design Center,Visual Arts & Galleries,Downtown,47.55148885,-122.32828666347223,"A chance of rain. Mostly cloudy, with a high near 50. South wind around 10 mph. Chance of precipitation is 50%. New rainfall amounts between a tenth and quarter of an inch possible."
"Meet the Author: Maggie Taft, The Chieftain and the Chair",2/18/2024, National Nordic Museum,Museums,Fremont / Ballard,47.6683615,-122.39177949359151,"A chance of rain. Partly sunny, with a high near 49. South wind around 12 mph. Chance of precipitation is 30%. New rainfall amounts between a tenth and quarter of an inch possible."
Eric Bellinger,2/8/2024, The Showbox,Music,Downtown,47.6085136,-122.3394726,"A chance of rain showers. Mostly cloudy, with a high near 50. South wind around 9 mph. Chance of precipitation is 40%. New rainfall amounts between a tenth and quarter of an inch possible."
Pakt,2/1/2024, Funhouse,Music,Capitol Hill / Central District,43.6576535,-72.2840663,"Freezing rain likely and rain likely. Cloudy, with a high near 33. Southeast wind around 6 mph. Chance of precipitation is 60%. Little or no ice accumulation expected."
Fossils Uncovered,Ongoing, Burke Museum,Museums,University District,47.6605211,-122.31156049949824,"A chance of rain. Partly sunny. High near 50, with temperatures falling to around 48 in the afternoon. South wind around 10 mph. Chance of precipitation is 40%. New rainfall amounts between a tenth and quarter of an inch possible."
Reverberations: Contemporary Art and Modern Classics,Ongoing, Seattle Art Museum,Museums,Downtown,47.6077008,-122.3385575,"A chance of rain showers. Mostly cloudy, with a high near 50. South wind around 9 mph. Chance of precipitation is 40%. New rainfall amounts between a tenth and quarter of an inch possible."
A/political Rocks,Now through 1/31/2024, Henry Art Gallery,Museums,University District,47.6565246,-122.31173279895636,"A chance of rain. Partly sunny. High near 50, with temperatures falling to around 48 in the afternoon. South wind around 10 mph. Chance of precipitation is 40%. New rainfall amounts between a tenth and quarter of an inch possible."
K. Wayne Yang,2/13/2024, Town Hall Seattle,Readings & Lectures,Downtown,47.6090191,-122.32993774092222,"A chance of rain showers. Mostly cloudy, with a high near 49. South wind around 10 mph. Chance of precipitation is 40%. New rainfall amounts between a tenth and quarter of an inch possible."
Honoring 50 Years of Papunya Tula Painting,Now through 4/14/2024, Seattle Art Museum,Museums,Downtown,47.6077008,-122.3385575,"A chance of rain showers. Mostly cloudy, with a high near 50. South wind around 9 mph. Chance of precipitation is 40%. New rainfall amounts between a tenth and quarter of an inch possible."
Eliades Ochoa,2/13/2024, The Moore Theatre,Music,Downtown,42.2896932,-83.7207314,"Rain and widespread fog. Cloudy, with a high near 39. East southeast wind around 6 mph. Chance of precipitation is 100%. New rainfall amounts between a tenth and quarter of an inch possible."
Dar Williams,1/25/2024, The Neptune Theatre,Music,University District,,,Weather forecast not available
Sophia Al-Maria,Now through 1/31/2024, Henry Art Gallery,Museums,University District,47.6565246,-122.31173279895636,"A chance of rain. Partly sunny. High near 50, with temperatures falling to around 48 in the afternoon. South wind around 10 mph. Chance of precipitation is 40%. New rainfall amounts between a tenth and quarter of an inch possible."
On Native Land: Landscapes from the Haub Family Collection,Now through 11/17/2024, Tacoma Art Museum,Museums,South,47.2475134,-122.43680521780016,"Rain likely. Mostly cloudy, with a high near 51. South southwest wind around 10 mph. Chance of precipitation is 60%. New rainfall amounts between a tenth and quarter of an inch possible."
Baird’s beaked whale,Ongoing, Burke Museum,Museums,University District,47.6605211,-122.31156049949824,"A chance of rain. Partly sunny. High near 50, with temperatures falling to around 48 in the afternoon. South wind around 10 mph. Chance of precipitation is 40%. New rainfall amounts between a tenth and quarter of an inch possible."
The Cooking Gene,1/24/2024, Town Hall Seattle,Readings & Lectures,Downtown,47.6090191,-122.32993774092222,"A chance of rain showers. Mostly cloudy, with a high near 49. South wind around 10 mph. Chance of precipitation is 40%. New rainfall amounts between a tenth and quarter of an inch possible."
Winter in the West,Ongoing, Tacoma Art Museum,Museums,South,47.2475134,-122.43680521780016,"Rain likely. Mostly cloudy, with a high near 51. South southwest wind around 10 mph. Chance of precipitation is 60%. New rainfall amounts between a tenth and quarter of an inch possible."
Spotlight on Dale Chihuly: Works from Museum of Glass Permanent Collection,Ongoing, Museum of Glass,Museums,South,47.24582405,-122.43381971536058,"Rain likely. Mostly cloudy, with a high near 51. South southwest wind around 10 mph. Chance of precipitation is 60%. New rainfall amounts between a tenth and quarter of an inch possible."
Daniel Tiger’s Neighborhood,2/4/2024, The Paramount Theatre,Theatre,Downtown,40.8697559,-73.42561952873208,"Widespread fog and a chance of rain. Cloudy. High near 46, with temperatures falling to around 41 in the afternoon. Southeast wind around 3 mph. Chance of precipitation is 40%."
Colorworks,1/25/2024, Nectar Lounge,Music,Fremont / Ballard,47.6523876,-122.3538541520202,"A chance of rain. Partly sunny, with a high near 49. South wind around 13 mph. Chance of precipitation is 40%. New rainfall amounts between a tenth and quarter of an inch possible."
Fremont Sunday Market,Ongoing, Fremont Farmers Market,Festivals & Special Events,Fremont / Ballard,47.6637543,-122.3330234,"A chance of rain showers. Mostly cloudy. High near 49, with temperatures falling to around 47 in the afternoon. South wind around 10 mph. Chance of precipitation is 40%. New rainfall amounts between a tenth and quarter of an inch possible."
Maddie Zahm,2/15/2024, The Neptune Theatre,Music,University District,,,Weather forecast not available
LeMay – America’s Car Museum,Ongoing, LeMay - America's Car Museum,Museums,South,47.2362108,-122.43044382406997,"Rain likely. Mostly cloudy. High near 50, with temperatures falling to around 48 in the afternoon. South southwest wind around 10 mph. Chance of precipitation is 60%. New rainfall amounts between a tenth and quarter of an inch possible."
Quixote Nuevo,Now through 2/11/2024, Seattle Rep,Theatre,Queen Anne / Seattle Center,47.6145597,-122.3285576,"A chance of rain showers. Mostly cloudy, with a high near 49. South wind around 10 mph. Chance of precipitation is 40%. New rainfall amounts between a tenth and quarter of an inch possible."
G3- 25th Anniversary reunion,1/31/2024, The Moore Theatre,Music,Downtown,42.2896932,-83.7207314,"Rain and widespread fog. Cloudy, with a high near 39. East southeast wind around 6 mph. Chance of precipitation is 100%. New rainfall amounts between a tenth and quarter of an inch possible."
BabyTron,2/1/2024, The Showbox,Music,Downtown,47.6085136,-122.3394726,"A chance of rain showers. Mostly cloudy, with a high near 50. South wind around 9 mph. Chance of precipitation is 40%. New rainfall amounts between a tenth and quarter of an inch possible."
Metropolis,1/25/2024 through 1/27/2024, Benaroya Hall,Music,Downtown,47.60811665,-122.33697040702705,"A chance of rain showers. Mostly cloudy, with a high near 50. South wind around 9 mph. Chance of precipitation is 40%. New rainfall amounts between a tenth and quarter of an inch possible."
Giant Pacific Octopus,Ongoing, Seattle Aquarium,Museums,Downtown,47.60762475,-122.34322017076866,"A chance of rain showers. Mostly cloudy, with a high near 50. South wind around 9 mph. Chance of precipitation is 40%. New rainfall amounts between a tenth and quarter of an inch possible."
Criminal,2/5/2024, The Moore Theatre,Theatre,Downtown,42.2896932,-83.7207314,"Rain and widespread fog. Cloudy, with a high near 39. East southeast wind around 6 mph. Chance of precipitation is 100%. New rainfall amounts between a tenth and quarter of an inch possible."
FRAKTURED: Home of the Broken Beat,1/31/2024, High Dive,Music,Fremont / Ballard,41.7111625,-93.6318959,"Patchy fog and a slight chance of drizzle. Cloudy. High near 36, with temperatures falling to around 34 in the afternoon. East wind around 2 mph."
Kazu Kibuishi with Donna Barba Higuera,2/6/2024, Town Hall Seattle,Readings & Lectures,Downtown,47.6090191,-122.32993774092222,"A chance of rain showers. Mostly cloudy, with a high near 49. South wind around 10 mph. Chance of precipitation is 40%. New rainfall amounts between a tenth and quarter of an inch possible."
Lukas Nelson,2/20/2024, The Showbox,Music,Downtown,47.6085136,-122.3394726,"A chance of rain showers. Mostly cloudy, with a high near 50. South wind around 9 mph. Chance of precipitation is 40%. New rainfall amounts between a tenth and quarter of an inch possible."
Sound Check! The Music We Make,Now through 9/14/2024, Wing Luke Museum,Museums,International District,47.5982461,-122.3228705,"A chance of rain showers. Mostly cloudy, with a high near 49. South wind around 10 mph. Chance of precipitation is 40%. New rainfall amounts between a tenth and quarter of an inch possible."
Soja,2/6/2024, The Neptune Theatre,Music,University District,,,Weather forecast not available
Nordic Journeys,Ongoing, National Nordic Museum,Museums,Fremont / Ballard,47.6683615,-122.39177949359151,"A chance of rain. Partly sunny, with a high near 49. South wind around 12 mph. Chance of precipitation is 30%. New rainfall amounts between a tenth and quarter of an inch possible."
Lakecia Benjamin and Phoenix,Now through 1/24/2024, Dimitriou's Jazz Alley,Music,Downtown,47.6148163,-122.339691,"A chance of rain showers. Mostly cloudy, with a high near 50. South wind around 9 mph. Chance of precipitation is 40%. New rainfall amounts between a tenth and quarter of an inch possible."
Randy Rainbow for President,2/3/2024, The Paramount Theatre,Theatre,Downtown,40.8697559,-73.42561952873208,"Widespread fog and a chance of rain. Cloudy. High near 46, with temperatures falling to around 41 in the afternoon. Southeast wind around 3 mph. Chance of precipitation is 40%."
West Seattle Farmers Market – Sundays,Ongoing, West Seattle Farmers Market,Festivals & Special Events,West Seattle,47.5620654,-122.3869194,"A chance of rain. Partly sunny. High near 50, with temperatures falling to around 48 in the afternoon. South wind around 12 mph. Chance of precipitation is 50%. New rainfall amounts between a tenth and quarter of an inch possible."
Scott Bradlee’s Postmodern Jukebox,2/11/2024, The Paramount Theatre,Music,Downtown,40.8697559,-73.42561952873208,"Widespread fog and a chance of rain. Cloudy. High near 46, with temperatures falling to around 41 in the afternoon. Southeast wind around 3 mph. Chance of precipitation is 40%."
Ballard Farmers Market – Sunday,Ongoing, Ballard Farmers Market,Festivals & Special Events,Fremont / Ballard,,,Weather forecast not available
Places to Call Home: Settlements in the West,Now through 3/17/2024, Tacoma Art Museum,Museums,South,47.2475134,-122.43680521780016,"Rain likely. Mostly cloudy, with a high near 51. South southwest wind around 10 mph. Chance of precipitation is 60%. New rainfall amounts between a tenth and quarter of an inch possible."
Futurebirds and Nude Party,2/8/2024, The Neptune Theatre,Music,University District,,,Weather forecast not available
Opera Talk: The Making of X,2/23/2024, Opera Center,Readings & Lectures,Queen Anne / Seattle Center,44.43358325,26.079138268508792,Weather forecast not available
Honoring Our Journey,Ongoing, Wing Luke Museum,Museums,International District,47.5982461,-122.3228705,"A chance of rain showers. Mostly cloudy, with a high near 49. South wind around 10 mph. Chance of precipitation is 40%. New rainfall amounts between a tenth and quarter of an inch possible."
Funky Friday with F2D,Now through 2/23/2024, Sea Monster Lounge,Music,Wallingford / Greenlake,47.6615049,-122.332319,"A chance of rain showers. Mostly cloudy. High near 49, with temperatures falling to around 47 in the afternoon. South wind around 10 mph. Chance of precipitation is 40%. New rainfall amounts between a tenth and quarter of an inch possible."
All Will Suffer,2/3/2024, Funhouse,Music,Capitol Hill / Central District,43.6576535,-72.2840663,"Freezing rain likely and rain likely. Cloudy, with a high near 33. Southeast wind around 6 mph. Chance of precipitation is 60%. Little or no ice accumulation expected."
Tribute to John Williams,Now through 1/24/2024, Benaroya Hall,Music,Downtown,47.60811665,-122.33697040702705,"A chance of rain showers. Mostly cloudy, with a high near 50. South wind around 9 mph. Chance of precipitation is 40%. New rainfall amounts between a tenth and quarter of an inch possible."
Kent Stowell’s Swan Lake,2/2/2024 through 2/11/2024, Marion Oliver McCaw Hall,Dance,Queen Anne / Seattle Center,47.62397705,-122.35038850536958,"A chance of rain showers. Mostly cloudy, with a high near 49. South wind around 12 mph. Chance of precipitation is 40%. New rainfall amounts between a tenth and quarter of an inch possible."
Tacoma Stars vs. Empire Strykers,1/25/2024, accesso ShoWare Center,Sports,South,47.38765995,-122.24000381780328,"A chance of rain showers. Mostly cloudy. High near 51, with temperatures falling to around 48 in the afternoon. South wind around 10 mph. Chance of precipitation is 40%. New rainfall amounts between a tenth and quarter of an inch possible."
Discover Ancient Coast Salish Culture,Ongoing, Hibulb Cultural Center,Museums,North,48.05373125,-122.20152426611563,"A chance of rain. Partly sunny, with a high near 48. South southeast wind around 10 mph. Chance of precipitation is 30%. New rainfall amounts less than a tenth of an inch possible."
75 Years of Porsche,Ongoing, LeMay - America's Car Museum,Museums,South,47.2362108,-122.43044382406997,"Rain likely. Mostly cloudy. High near 50, with temperatures falling to around 48 in the afternoon. South southwest wind around 10 mph. Chance of precipitation is 60%. New rainfall amounts between a tenth and quarter of an inch possible."
Wreckno,2/23/2024, The Showbox,Music,Downtown,47.6085136,-122.3394726,"A chance of rain showers. Mostly cloudy, with a high near 50. South wind around 9 mph. Chance of precipitation is 40%. New rainfall amounts between a tenth and quarter of an inch possible."
Randall Goosby Plays Mozart,2/8/2024 through 2/10/2024, Benaroya Hall,Music,Downtown,47.60811665,-122.33697040702705,"A chance of rain showers. Mostly cloudy, with a high near 50. South wind around 9 mph. Chance of precipitation is 40%. New rainfall amounts between a tenth and quarter of an inch possible."
Chase Rice,2/10/2024, Showbox SoDo,Music,Pioneer Square,47.5880461,-122.333928,"A chance of rain. Partly sunny, with a high near 50. South wind around 10 mph. Chance of precipitation is 50%. New rainfall amounts between a tenth and quarter of an inch possible."
Kelly Akashi,Now through 2/24/2024, Henry Art Gallery,Museums,University District,47.6565246,-122.31173279895636,"A chance of rain. Partly sunny. High near 50, with temperatures falling to around 48 in the afternoon. South wind around 10 mph. Chance of precipitation is 40%. New rainfall amounts between a tenth and quarter of an inch possible."
Jamila Woods,2/1/2024, Neumos,Music,Capitol Hill / Central District,47.613954,-122.3196108,"A chance of rain showers. Mostly cloudy, with a high near 49. South wind around 10 mph. Chance of precipitation is 40%. New rainfall amounts between a tenth and quarter of an inch possible."
Porcelain Room,Ongoing, Seattle Art Museum,Museums,Downtown,47.6077008,-122.3385575,"A chance of rain showers. Mostly cloudy, with a high near 50. South wind around 9 mph. Chance of precipitation is 40%. New rainfall amounts between a tenth and quarter of an inch possible."
Night Lovell,2/6/2024, The Showbox,Music,Downtown,47.6085136,-122.3394726,"A chance of rain showers. Mostly cloudy, with a high near 50. South wind around 9 mph. Chance of precipitation is 40%. New rainfall amounts between a tenth and quarter of an inch possible."
Compania Nacional de Danza,1/25/2024 through 1/27/2024, Meany Center for the Performing Arts,Dance,University District,,,Weather forecast not available
Northwest Flower & Garden Festival,2/14/2024 through 2/18/2024, Seattle Convention Center,Festivals & Special Events,Downtown,47.61175385,-122.33156275066185,"A chance of rain showers. Mostly cloudy, with a high near 49. South wind around 10 mph. Chance of precipitation is 40%. New rainfall amounts between a tenth and quarter of an inch possible."
Rise Up: Stonewall and the LGBTQ Rights Movement,Ongoing, MoPOP Museum of Pop Culture,Museums,Queen Anne / Seattle Center,47.621493099999995,-122.34822527405619,"A chance of rain. Partly sunny, with a high near 49. South wind around 12 mph. Chance of precipitation is 40%. New rainfall amounts between a tenth and quarter of an inch possible."
REMEMBRANCE: The Legacy of Executive Order 9066 in Washington State,Ongoing, Washington State History Museum,Museums,South,47.2447212,-122.43608807502436,"Rain likely. Mostly cloudy, with a high near 51. South southwest wind around 10 mph. Chance of precipitation is 60%. New rainfall amounts between a tenth and quarter of an inch possible."
Neck Deep,2/5/2024, Showbox SoDo,Music,Pioneer Square,47.5880461,-122.333928,"A chance of rain. Partly sunny, with a high near 50. South wind around 10 mph. Chance of precipitation is 50%. New rainfall amounts between a tenth and quarter of an inch possible."
Chihuly Garden and Glass Gallery Talks & Tours,Ongoing, Chihuly Garden and Glass,Tours & Attractions,Queen Anne / Seattle Center,47.6205296,-122.35020712496446,"A chance of rain. Partly sunny, with a high near 49. South wind around 12 mph. Chance of precipitation is 40%. New rainfall amounts between a tenth and quarter of an inch possible."
Steinunn Porarinsdottir: Wayfinders,Now through 1/28/2024, National Nordic Museum,Museums,Fremont / Ballard,47.6683615,-122.39177949359151,"A chance of rain. Partly sunny, with a high near 49. South wind around 12 mph. Chance of precipitation is 30%. New rainfall amounts between a tenth and quarter of an inch possible."
Emanuel Brown,1/25/2024, Chop Suey,Music,Capitol Hill / Central District,-38.1828956,176.2929559,Weather forecast not available
Seattle Thunderbirds vs. Prince George Cougars,1/30/2024, accesso ShoWare Center,Sports,South,47.38765995,-122.24000381780328,"A chance of rain showers. Mostly cloudy. High near 51, with temperatures falling to around 48 in the afternoon. South wind around 10 mph. Chance of precipitation is 40%. New rainfall amounts between a tenth and quarter of an inch possible."
Giantish,1/30/2024, High Dive,Music,Fremont / Ballard,41.7111625,-93.6318959,"Patchy fog and a slight chance of drizzle. Cloudy. High near 36, with temperatures falling to around 34 in the afternoon. East wind around 2 mph."
Joe “Mr. D”  Dombrowski,2/10/2024, The Moore Theatre,Theatre,Downtown,42.2896932,-83.7207314,"Rain and widespread fog. Cloudy, with a high near 39. East southeast wind around 6 mph. Chance of precipitation is 100%. New rainfall amounts between a tenth and quarter of an inch possible."
Wintergrass Music Festival,2/22/2024 through 2/25/2024, Hyatt Regency Bellevue,Festivals & Special Events,Bellevue / Eastside,47.618258,-122.20116,"A chance of rain showers. Mostly cloudy. High near 49, with temperatures falling to around 47 in the afternoon. South wind around 9 mph. Chance of precipitation is 50%. New rainfall amounts between a tenth and quarter of an inch possible."
BLACKSTAR SYMPHONY: The Music of David Bowie,2/23/2024, Benaroya Hall,Music,Downtown,47.60811665,-122.33697040702705,"A chance of rain showers. Mostly cloudy, with a high near 50. South wind around 9 mph. Chance of precipitation is 40%. New rainfall amounts between a tenth and quarter of an inch possible."
The Kills,2/7/2024, Showbox SoDo,Music,Pioneer Square,47.5880461,-122.333928,"A chance of rain. Partly sunny, with a high near 50. South wind around 10 mph. Chance of precipitation is 50%. New rainfall amounts between a tenth and quarter of an inch possible."
